mas kahwin terengganu	3	35	6.1
idea goodies kahwin	2	19	9.2
checklist kahwin	1	26	7.9
doa pengantin	1	4	10.8
doa pengantin baru rumi	1	6	3.2
hantaran kahwin 5 balas 7	1	3	3.7
harga sewa dewan kahwin	1	7	2.4
sewa dewan murah	1	1	4
7 amazing places to have a garden wedding in malaysia	0	2	33.5
apa itu walimatul urus	0	1	9
apa maksud taaruf dalam islam	0	1	10
apa maksud walimatul urus	0	2	9
bajet kahwin 2026	0	1	3
balas dulang hantaran	0	1	7
barang hantaran tunang untuk lelaki	0	1	10
bayaran tok kadi dan saksi johor 2026	0	2	10
beautiful wedding venue	0	1	53
beautiful wedding venues	0	4	49.2
berapa mas kahwin	0	1	41
best nature wedding venues	0	1	47
borang kawin	0	1	28
buat kad kahwin	0	1	10
budget wedding venue kl	0	2	91
budget wedding venue selangor	0	1	63
cara buat kad digital kahwin	0	1	9
cara buat kad jemputan digital	0	1	51
cara buat kad kahwin	0	1	9
cara daftar kursus kahwin	0	2	20.5
checklist borang kahwin	0	1	9
contoh goodies kahwin terkini	0	3	7.3
contoh kad kahwin digital	0	1	60
dalil taaruf dalam islam	0	1	9
daun sirih junjung	0	1	7
de kenduri kuala lumpur	0	3	37.3
dewan	0	5	48
dewan bunga sakura	0	2	30.5
dewan kahwin	0	1	11
dewan kahwin murah	0	5	6.2
dewan kahwin murah kl	0	2	7.5
dewan kahwin selangor	0	1	11
dewan kahwin shah alam	0	1	51
dewan keramat	0	3	6.7
dewan kl	0	1	7
dewan komuniti setiawangsa	0	103	9.0
dewan lavender seksyen 7	0	1	23
dewan majlis kahwin	0	1	1
dewan mpaj tasik tambahan	0	1	8
dewan murah near me	0	2	11
dewan perdana keramat hall	0	2	9.5
dewan perdana keramat mall	0	4	17
dewan pusat komuniti setiawangsa	0	5	8.6
dewan raja muda musa photos	0	1	55
dewan se	0	1	8
dewan serbaguna keramat jaya 2	0	1	5
dewan serbaguna near me	0	1	33
dewan serbaguna setiawangsa	0	2	20
dewan seri hatinie glassview photos	0	1	26
dewan seri mutiara sg kob	0	1	36
dewan setiawangsa	0	4	7.8
dewan setiawangsa au2	0	4	5.5
dewan shah alam	0	1	50
dewan tertutup	0	1	3
dewan tun abdullah mohd salleh	0	1	49
dewan wawasan	0	1	40
digital kad kahwin	0	1	57
doa akad nikah	0	2	11
doa nikah kahwin	0	3	11
doa pengantin baru arab	0	1	12
doa pengantin baru barakallah	0	1	8
doa selamat pengantin	0	1	10
doa selamat untuk pengantin baru	0	6	8
doa selepas akad nikah rumi	0	10	10.3
doa selepas nikah rumi	0	2	10
doa ubun isteri rumi	0	1	5
doa untuk pengantin	0	1	12
doa untuk pengantin baru dalam islam	0	1	16
dulang hantaran	0	1	12
dulang hantaran tunang	0	5	9.2
dulang lelaki dan perempuan	0	1	11
dulang tunang untuk lelaki	0	2	9
garden theme wedding venue	0	1	41
garden venue for wedding	0	17	44.5
garden wedding	0	147	29.8
garden wedding hall	0	1	11
garden wedding in kl	0	25	45.6
garden wedding kl	0	116	49.3
garden wedding kuala lumpur	0	105	46.5
garden wedding malaysia	0	116	41.2
garden wedding venue	0	3	20
garden wedding venue kl	0	19	47.1
garden wedding venue malaysia	0	2	23.5
garden wedding venues	0	10	34.9
garden weddings reviews	0	1	33
gardens wedding venue	0	1	52
goodies kahwin	0	2	9
hantaran 3 balas 5	0	1	3
hantaran 5 balas 7	0	1	2
hantaran 7 balas 5	0	2	4.5
hantaran ikut negeri	0	4	10.5
hantaran kahwin	0	2	53
hantaran kahwin 2026	0	1	5
hantaran kahwin 3 balas 5	0	2	19.5
hantaran kahwin untuk lelaki	0	1	8
hantaran lelaki 3 perempuan 5	0	2	3.5
hantaran pertunangan dari pihak lelaki	0	1	8
hantaran tunang	0	3	18.3
hantaran tunang 3 balas 5	0	7	6.9
hantaran tunang 5 balas 7	0	1	10
hantaran tunang lelaki	0	1	2
hantaran tunang untuk lelaki	0	2	22.5
hantaran tunang untuk lelaki simple	0	2	9.5
hantaran tunang untuk perempuan	0	6	7.5
hantaran tunang untuk perempuan simple	0	1	21
hantaran untuk perempuan	0	1	37
harga hantaran kahwin 2026	0	2	10
harga mas kahwin mengikut negeri	0	1	21
honeymoon di malaysia	0	2	11.5
isi borang nikah	0	1	10
jil66	0	1	106
kad digital	0	3	84.7
kad kahwin digital percuma	0	1	50
kadar mas kahwin mengikut negeri	0	1	13
kadar mas kawin setiap negeri	0	2	10.5
kahwin	0	2	35
kedai barang kahwin	0	2	11
kelantan mas kahwin	0	1	7
kos kahwin 2026	0	3	5.3
kursus kahwin	0	1	49
kursus kahwin malaysia	0	1	13
kursus kahwin online	0	3	31
kursus kahwin online pkp	0	1	49
kursus kahwin tempoh	0	1	1
kursus rumah tangga	0	1	10
lafaz taklik nikah perak	0	5	9
lafaz taklik perak	0	3	8.7
lakeside wedding venue	0	1	55
mahar di malaysia	0	1	11
mahar ikut negeri	0	6	10.7
mahar johor	0	3	7.7
mahar misil dan mahar musamma	0	1	7
mahar musamma	0	1	8
majlis walimatul urus maksud	0	1	8
makna taaruf dalam islam	0	2	10
maksud walimatul urus	0	10	9.5
mas kahwin dan hantaran	0	1	24
mas kahwin dan hantaran kelantan	0	1	4
mas kahwin ikut negeri	0	24	14.1
mas kahwin ikut negeri 2025	0	1	21
mas kahwin ikut negeri 2026	0	8	10.8
mas kahwin johor	0	52	6.5
mas kahwin johor 2026	0	16	6.8
mas kahwin kedah	0	2	10
mas kahwin kedah 2026	0	4	9.8
mas kahwin kelantan	0	45	6.6
mas kahwin kelantan 2026	0	10	7
mas kahwin kl	0	4	32
mas kahwin kuala lumpur 2026	0	1	8
mas kahwin malaysia 2026	0	1	11
mas kahwin melaka 2026	0	4	11
mas kahwin mengikut negeri	0	1	19
mas kahwin mengikut negeri 2026	0	1	11
mas kahwin negeri	0	3	19.3
mas kahwin negeri 2026	0	1	11
mas kahwin negeri johor	0	2	6
mas kahwin negeri kelantan	0	7	4.9
mas kahwin negeri pahang	0	3	10
mas kahwin negeri perak	0	10	17.3
mas kahwin negeri perak 2026	0	2	5
mas kahwin negeri selangor	0	1	23
mas kahwin negeri sembilan	0	12	18.2
mas kahwin negeri sembilan 2026	0	10	8.3
mas kahwin negeri terengganu	0	2	5.5
mas kahwin pahang 2026	0	19	8.3
mas kahwin penang	0	1	20
mas kahwin perak	0	66	7.8
mas kahwin perak 2026	0	13	6.1
mas kahwin perlis	0	5	11
mas kahwin perlis 2026	0	1	11
mas kahwin pulau pinang	0	1	36
mas kahwin sabah	0	22	16.6
mas kahwin sabah 2026	0	3	8.7
mas kahwin sarawak	0	10	6.6
mas kahwin sarawak 2026	0	5	9.8
mas kahwin selangor 2026	0	1	29
mas kahwin setiap negeri	0	4	15.8
mas kahwin setiap negeri 2026	0	6	10.8
mas kahwin terengganu 2026	0	4	8.2
mas kawin ikut negeri	0	1	20
mas kawin johor	0	9	6.6
mas kawin kelantan	0	3	6.3
mas kawin negeri perak	0	2	6
mas kawin perak	0	4	15.2
mas kawin sabah	0	5	33.6
mas kawin sarawak	0	1	6
mas kawin setiap negeri	0	4	9.5
mas kawin setiap negeri 2026	0	1	10
mas kawin terengganu	0	1	8
mas kawin wilayah persekutuan	0	1	11
maskahwin ikut negeri	0	1	11
maskawin ikut negeri	0	3	10
maskawin setiap negeri	0	14	9.8
negeri sembilan mas kahwin	0	3	6.7
nilai mas kahwin ikut negeri	0	1	11
outdoor venue for wedding	0	1	40
outdoor venue wedding	0	1	39
outdoor wedding	0	12	31
outdoor wedding locations	0	18	47.9
outdoor wedding malaysia	0	3	41
outdoor wedding places	0	18	48.7
outdoor wedding sites	0	1	51
outdoor wedding venue	0	21	37.9
outdoor wedding venues	0	5	48.2
outdoor wedding venus	0	1	43
outdoor weddings venues	0	1	50
pusat komuniti setiawangsa	0	185	9.6
pusat komuniti setiawangsa photos	0	2	1.5
pusat komuniti setiawangsa reviews	0	2	9
rukun nikah	0	2	19
rukun nikah ada 5	0	1	53
sejuk	0	1	24
selangor mas kahwin	0	1	30
sewa dewan	0	2	53.5
sewa dewan kahwin	0	2	16
sewa dewan murah kl	0	1	9
taklik nikah perak	0	1	9
tempat honeymoon di malaysia	0	4	10.2
tempat honeymoon terbaik	0	1	8
tempat honeymoon yang best dan murah	0	1	19
tempat menarik di malaysia untuk honeymoon	0	1	28
tempat menarik untuk honeymoon di malaysia	0	1	11
the garden wedding	0	1	36
the ruma hotel wedding package	0	2	62.5
upah jurunikah pahang 2026	0	1	11
venue	0	1	2
wajib ke	0	1	2
walimatul urus	0	19	10.3
walimatul urus atau walimatulurus	0	2	10
waris di hari perkahwinan	0	8	12.8
wedding at botanical gardens	0	1	68
wedding garden	0	28	30.1
wedding garden venue	0	1	43
wedding lawns	0	1	52
wedding outdoor venues	0	1	51
wedding venue garden	0	2	48.5
wedding venue shah alam	0	1	36
wedding venues beautiful	0	1	55
wedding venues with an orangery	0	1	52
花园婚礼 马来西亚 地点	0	8	29.4
