75	Hantaran Tunang Lelaki &amp; Perempuan – Barang Apa Patut Ada Dalam Dulang?	https://hellokahwin.com/artikel/hantaran-mas-kahwin/hantaran-tunang
52	Baju pengantin: sewa atau beli, dan kos sebenar 2026	https://hellokahwin.com/artikel/busana-pengantin/baju-pengantin-sewa-atau-beli
64	Majlis Perkahwinan Mewah dan Berkonsep Organik di Amankila, Bali	https://hellokahwin.com/artikel/glamor-eksklusif/amankila-bali
56	Hantaran kahwin: maksud, adat dan beza dengan mas kahwin	https://hellokahwin.com/artikel/hantaran-mas-kahwin/hantaran-kahwin
52	Mas kahwin Sabah dan Sarawak 2026: tiada kadar tetap	https://hellokahwin.com/artikel/hantaran-mas-kahwin/mas-kahwin-sabah-sarawak
73	Checklist Kahwin: Senarai Persediaan 12 Bulan Sebelum Majlis, Ikut Urutan	https://hellokahwin.com/artikel/venue-perancangan/checklist-kahwin
60	Majlis Perkahwinan Putih Bergaya di Grand Hyatt Kuala Lumpur	https://hellokahwin.com/artikel/glamor-eksklusif/grand-hyatt-kuala-lumpur
71	Pakej Dewan Kahwin: Apa yang Termasuk, dan Apa yang Selalu Tak Termasuk	https://hellokahwin.com/artikel/venue-perancangan/pakej-dewan-kahwin
54	Ucapan pengantin baru: apa yang ditulis ikut siapa dia	https://hellokahwin.com/artikel/ucapan-doa/ucapan-pengantin-baru
55	Mas kahwin Pahang dan Negeri Sembilan 2026: kadar rasmi	https://hellokahwin.com/artikel/hantaran-mas-kahwin/mas-kahwin-pahang-negeri-sembilan
94	Villa Warisan: Majlis Perkahwinan Tradisional di Lokasi Bernuansa Kayu dan Penuh Nilai Warisan	https://hellokahwin.com/artikel/real-wedding/villa-warisan
0		https://hellokahwin.com/artikel/moden-kontemporari/marriott-putrajaya
83	Cara Buat Kad Kahwin Digital Sendiri – Lengkap Dengan Contoh &amp; Template Percuma	https://hellokahwin.com/artikel/idea-dan-nasihat/cara-buat-kad-kahwin-digital
55	Doa majlis perkahwinan: struktur, tempoh dan siapa baca	https://hellokahwin.com/artikel/ucapan-doa/doa-majlis-perkahwinan
76	Harga Sewa Dewan Kahwin 2026: Kadar Rasmi Majlis Perbandaran, Bukan Anggaran	https://hellokahwin.com/artikel/venue-perancangan/harga-sewa-dewan-kahwin
84	Perkahwinan Pelbagai Budaya di Cheong Fatt Tze Mansion, Ikon Bersejarah Pulau Pinang	https://hellokahwin.com/artikel/real-wedding/cheong-fatt-tze-mansion
92	Majlis Perkahwinan Penuh Nilai Budaya di Sentosa, Janda Baik dengan Inspirasi Warisan Diraja	https://hellokahwin.com/artikel/real-wedding/sentosa-janda-baik
64	10 Jenis Venue Dewan Kahwin yang Sesuai untuk Pelamin Gaya Moden	https://hellokahwin.com/artikel/idea-dan-nasihat/pelamin-kahwin-dewan
51	Hantaran kahwin 5 balas 7: isi dua belas dulang itu	https://hellokahwin.com/artikel/hantaran-mas-kahwin/hantaran-kahwin-5-balas-7
56	Nisbah hantaran: maksud dulang berbalas dan asal usulnya	https://hellokahwin.com/artikel/hantaran-mas-kahwin/nisbah-hantaran
54	Inai tangan pengantin: mana selamat, berapa lama tahan	https://hellokahwin.com/artikel/busana-pengantin/inai-tangan-pengantin
54	Hantaran tunang 3 balas 5: apa yang dibawa dan dibalas	https://hellokahwin.com/artikel/hantaran-mas-kahwin/hantaran-tunang-3-balas-5
78	Majlis Perkahwinan Intim Bertemakan Warna Pastel Tropika di The Danna Langkawi	https://hellokahwin.com/artikel/minimalis-mewah/the-danna-langkawi
56	Barang hantaran perempuan: senarai ikut kategori dan kos	https://hellokahwin.com/artikel/hantaran-mas-kahwin/barang-hantaran-perempuan
59	Hantaran tunang untuk lelaki: apa yang dibalas dan harganya	https://hellokahwin.com/artikel/hantaran-mas-kahwin/hantaran-tunang-untuk-lelaki
56	Bilangan dulang hantaran ganjil: adat, atau boleh genap?	https://hellokahwin.com/artikel/hantaran-mas-kahwin/bilangan-dulang-hantaran-ganjil
55	Cara tetapkan jumlah duit hantaran tanpa jatuh air muka	https://hellokahwin.com/artikel/hantaran-mas-kahwin/cara-tetapkan-duit-hantaran
58	Duit hantaran kahwin: beza dengan mas kahwin dan hak siapa	https://hellokahwin.com/artikel/hantaran-mas-kahwin/duit-hantaran-kahwin
70	Doa Majlis Pertunangan: Apa yang Sebenarnya Dibaca, dan Apa yang Tidak	https://hellokahwin.com/artikel/sebelum-nikah/doa-majlis-pertunangan
77	10 Dewan Kahwin Murah di Selangor &amp; KL – Sesuai untuk Bajet Bawah RM5,000	https://hellokahwin.com/artikel/idea-dan-nasihat/dewan-kahwin
72	Perkahwinan di Ruma Hotel Kuala Lumpur Dengan Sentuhan Warisan Peranakan	https://hellokahwin.com/artikel/real-wedding/perkahwinan-di-ruma-hotel-kuala-lumpur-dengan-sentuhan-warisan-peranakan
66	19 Tempat Honeymoon di Malaysia yang Wajib Masuk Wishlist Pasangan	https://hellokahwin.com/artikel/idea-dan-nasihat/tempat-honeymoon-di-malaysia
72	Perkahwinan Kontemporari Bertema Chinoiserie di JW Marriott Kuala Lumpur	https://hellokahwin.com/artikel/moden-kontemporari/jw-marriott-kuala-lumpur
54	Perkahwinan Romantis di JEN Shangri-La, Puteri Harbour	https://hellokahwin.com/artikel/moden-kontemporari/perkahwinan-romantis-di-jen-shangri-la-puteri-harbour
58	Hantaran coklat: cara ia tahan sepanjang petang yang panas	https://hellokahwin.com/artikel/hantaran-mas-kahwin/hantaran-coklat
56	Gubahan hantaran simple tapi cantik: 6 gaya dan harganya	https://hellokahwin.com/artikel/hantaran-mas-kahwin/gubahan-hantaran-simple
54	Hantaran tunang simple: contoh lapan dulang dan kosnya	https://hellokahwin.com/artikel/hantaran-mas-kahwin/hantaran-tunang-simple
54	Tema warna hantaran: cara padankan tanpa beli dua kali	https://hellokahwin.com/artikel/hantaran-mas-kahwin/hantaran-tema-warna
58	Lafaz Taklik: Apa Suami Baca Selepas Akad, dan Apa Ertinya	https://hellokahwin.com/artikel/nikah-undang-undang/lafaz-taklik
56	Hantaran: tempah atau buat sendiri? Kos sebenar 7 dulang	https://hellokahwin.com/artikel/hantaran-mas-kahwin/hantaran-tempah-atau-buat-sendiri
55	Hidden hantaran: maksud, sebab ia popular dan cara buat	https://hellokahwin.com/artikel/hantaran-mas-kahwin/hidden-hantaran
54	Gubahan hantaran: cara susun dan cara baca sebut harga	https://hellokahwin.com/artikel/hantaran-mas-kahwin/gubahan-hantaran
56	Mas kahwin ikut negeri 2026: kadar minimum setiap negeri	https://hellokahwin.com/artikel/hantaran-mas-kahwin/mas-kahwin-ikut-negeri
53	Mas kahwin Perak 2026: tiada kadar minimum ditetapkan	https://hellokahwin.com/artikel/hantaran-mas-kahwin/mas-kahwin-perak
49	10 Lokasi Majlis Kahwin yang Popular di Shah Alam	https://hellokahwin.com/artikel/idea-dan-nasihat/majlis-kahwin
54	Kain songket tenunan tangan atau cetak: beza dan harga	https://hellokahwin.com/artikel/busana-pengantin/songket-tenunan-tangan-atau-cetak
55	Pelamin 2026: jenis, saiz dan apa yang menentukan harga	https://hellokahwin.com/artikel/pelamin-kad-cenderahati/pelamin
60	Hadiah untuk Pengantin Sesuai untuk Semua Bajet – 17 Pilihan	https://hellokahwin.com/artikel/idea-dan-nasihat/hadiah-untuk-pengantin
61	Taaruf Maksud: Apa Itu Taaruf dan Apa Bezanya dengan Bercinta	https://hellokahwin.com/artikel/sebelum-nikah/taaruf-maksud
50	Bolehkah mas kahwin melebihi kadar minimum negeri?	https://hellokahwin.com/artikel/hantaran-mas-kahwin/mas-kahwin-melebihi-kadar-minimum
53	Mas kahwin Johor 2026: RM22.50 dan asal usul angkanya	https://hellokahwin.com/artikel/hantaran-mas-kahwin/mas-kahwin-johor
49	Syarat Sah Nikah: Senarai Penuh Ikut Setiap Pihak	https://hellokahwin.com/artikel/nikah-undang-undang/syarat-sah-nikah
47	Walimatul urus: maksud, hukum dan adab jemputan	https://hellokahwin.com/artikel/ucapan-doa/walimatul-urus
51	Dulang hantaran: jenis, saiz dan kos beli atau sewa	https://hellokahwin.com/artikel/hantaran-mas-kahwin/dulang-hantaran
50	Hantaran untuk lelaki: senarai barang dan kos 2026	https://hellokahwin.com/artikel/hantaran-mas-kahwin/hantaran-untuk-lelaki
50	Hantaran kahwin bajet: kos sebenar 12 dulang, 2026	https://hellokahwin.com/artikel/hantaran-mas-kahwin/hantaran-kahwin-bajet
53	Skrip pengacara majlis perkahwinan: susunan dan lafaz	https://hellokahwin.com/artikel/ucapan-doa/skrip-pengacara-majlis-perkahwinan
50	Barang hantaran yang digunakan, dan yang tersimpan	https://hellokahwin.com/artikel/hantaran-mas-kahwin/barang-hantaran-berguna
60	Adat hantaran kahwin ikut keluarga: bila dua senarai berbeza	https://hellokahwin.com/artikel/hantaran-mas-kahwin/adat-hantaran-ikut-keluarga
54	Berapa dulang hantaran tunang, dan siapa yang tentukan	https://hellokahwin.com/artikel/hantaran-mas-kahwin/berapa-dulang-hantaran-tunang
54	Hantaran tunang untuk perempuan: apa yang dibawa masuk	https://hellokahwin.com/artikel/hantaran-mas-kahwin/hantaran-tunang-untuk-perempuan
45	Tempat beli barang hantaran: lima jenis kedai	https://hellokahwin.com/artikel/hantaran-mas-kahwin/tempat-beli-hantaran
46	Persiapan hantaran kahwin: jadual lapan minggu	https://hellokahwin.com/artikel/hantaran-mas-kahwin/persiapan-hantaran-kahwin
63	Barang hantaran tunang: disimpan, dipulang atau dibawa ke nikah	https://hellokahwin.com/artikel/hantaran-mas-kahwin/barang-hantaran-tunang
49	Hantaran wajib atau adat: mana yang boleh ditolak	https://hellokahwin.com/artikel/hantaran-mas-kahwin/hantaran-wajib-atau-adat
56	Adat hantaran berbeza negeri: bila dua keluarga tak sama	https://hellokahwin.com/artikel/hantaran-mas-kahwin/adat-hantaran-berbeza-negeri
52	Sirih junjung: maksud, cara dibuat dan harganya 2026	https://hellokahwin.com/artikel/hantaran-mas-kahwin/sirih-junjung
53	Bunga telur: maksud, beza dengan bunga pahar, dan kos	https://hellokahwin.com/artikel/pelamin-kad-cenderahati/bunga-telur
57	Contoh kad jemputan kahwin: susunan, ayat dan silap biasa	https://hellokahwin.com/artikel/pelamin-kad-cenderahati/contoh-kad-jemputan-kahwin
67	Cincin Tunang, Nikah dan Merisik: Tiga Cincin, Siapa Beri yang Mana	https://hellokahwin.com/artikel/sebelum-nikah/cincin-tunang
51	Doa pengantin baru: lafaz penuh, rumi dan maksudnya	https://hellokahwin.com/artikel/ucapan-doa/doa-pengantin-baru
67	Bajet Kahwin 2026: Apa yang Boleh Diharga Tepat, dan Apa yang Tidak	https://hellokahwin.com/artikel/venue-perancangan/bajet-kahwin
48	Rukun Nikah: 5 Rukun dan Apa Yang Membatalkannya	https://hellokahwin.com/artikel/nikah-undang-undang/rukun-nikah
50	Borang Nikah: Borang Mana, Isi Apa, Hantar Ke Mana	https://hellokahwin.com/artikel/nikah-undang-undang/borang-nikah
54	Maksud mas kahwin: hak isteri dan beza dengan hantaran	https://hellokahwin.com/artikel/hantaran-mas-kahwin/apa-itu-mas-kahwin
58	Mas kahwin Kelantan dan Terengganu 2026: tiada kadar tetap	https://hellokahwin.com/artikel/hantaran-mas-kahwin/mas-kahwin-kelantan-terengganu
66	14 Wedding Planner Terbaik di Malaysia Pilihan Pengantin Tahun Ini	https://hellokahwin.com/artikel/idea-dan-nasihat/wedding-planner-terbaik-di-malaysia
55	20+ Idea Goodies Kahwin dan Hadiah yang Patut Dielakkan	https://hellokahwin.com/artikel/hiasan-dekorasi/goodies-kahwin
53	Perkahwinan Taman Kebun yang Minimalis di Hulu Langat	https://hellokahwin.com/artikel/real-wedding/perkahwinan-taman-kebun-yang-minimalis-di-hulu-langat
57	Perkahwinan Indah di Laman Fajar Menyinsing, Port Dickson	https://hellokahwin.com/artikel/pantai-santai/perkahwinan-indah-di-laman-fajar-menyinsing-port-dickson
94	Perkahwinan Jepun di Yasaka Shrine &amp; Majlis Resepsi Bertemakan Sakura di Sodoh Higashiyama	https://hellokahwin.com/artikel/real-wedding/yasaka-shrine
78	Kursus Kahwin: Panduan Lengkap Daftar, Syarat &amp; Tempat di Seluruh Malaysia	https://hellokahwin.com/artikel/idea-dan-nasihat/kursus-kahwin
95	20 Lokasi Terbaik Pre Wedding Photoshoot di Malaysia – Dari Alam Semula Jadi Hingga Urban City!	https://hellokahwin.com/artikel/fotografi-videografi/lokasi-pre-wedding-photoshoot-terbaik
73	Checklist Sewa Dewan Kahwin: Apa yang Perlu Ditanya Sebelum Bayar Deposit	https://hellokahwin.com/artikel/idea-dan-nasihat/sewa-dewan-kahwin
85	Majlis Perkahwinan Mewah dengan Sentuhan Warna Lembut di Sime Darby Convention Centre	https://hellokahwin.com/artikel/moden-kontemporari/sime-darby-convention-centre
49	20 Venue Garden Wedding Paling Cantik di Malaysia	https://hellokahwin.com/artikel/idea-dan-nasihat/garden-wedding
