mas-kahwin-ikut-negeri	4	0
apa-itu-mas-kahwin	4	0
mas-kahwin-johor	2	0
mas-kahwin-kelantan-terengganu	2	0
mas-kahwin-perak	2	0
mas-kahwin-pahang-negeri-sembilan	2	0
mas-kahwin-sabah-sarawak	2	0
mas-kahwin-melebihi-kadar-minimum	4	0
baju-pengantin-sewa-atau-beli	3	0
songket-tenunan-tangan-atau-cetak	4	0
inai-tangan-pengantin	2	0
pelamin	3	0
contoh-kad-jemputan-kahwin	2	0
bunga-telur	3	0
ucapan-pengantin-baru	3	0
doa-pengantin-baru	2	0
doa-majlis-perkahwinan	3	0
cincin-tunang	3	0
taaruf-maksud	2	0
doa-majlis-pertunangan	3	0
borang-nikah	4	3
harga-sewa-dewan-kahwin	5	3
checklist-kahwin	4	2
pakej-dewan-kahwin	6	2
bajet-kahwin	5	1
lafaz-taklik	4	2
rukun-nikah	6	2
syarat-sah-nikah	5	2
