0	0	https://hellokahwin.com/artikel/hantaran-mas-kahwin/hantaran-tunang
2	4	https://hellokahwin.com/artikel/busana-pengantin/baju-pengantin-sewa-atau-beli
0	0	https://hellokahwin.com/artikel/glamor-eksklusif/amankila-bali
0	0	https://hellokahwin.com/artikel/hantaran-mas-kahwin/hantaran-kahwin
0	0	https://hellokahwin.com/artikel/hantaran-mas-kahwin/mas-kahwin-sabah-sarawak
0	0	https://hellokahwin.com/artikel/venue-perancangan/checklist-kahwin
0	0	https://hellokahwin.com/artikel/glamor-eksklusif/grand-hyatt-kuala-lumpur
2	4	https://hellokahwin.com/artikel/venue-perancangan/pakej-dewan-kahwin
0	0	https://hellokahwin.com/artikel/ucapan-doa/ucapan-pengantin-baru
1	2	https://hellokahwin.com/artikel/hantaran-mas-kahwin/mas-kahwin-pahang-negeri-sembilan
0	0	https://hellokahwin.com/artikel/real-wedding/villa-warisan
0	0	https://hellokahwin.com/artikel/moden-kontemporari/marriott-putrajaya
0	0	https://hellokahwin.com/artikel/idea-dan-nasihat/cara-buat-kad-kahwin-digital
0	0	https://hellokahwin.com/artikel/ucapan-doa/doa-majlis-perkahwinan
5	10	https://hellokahwin.com/artikel/venue-perancangan/harga-sewa-dewan-kahwin
0	0	https://hellokahwin.com/artikel/real-wedding/cheong-fatt-tze-mansion
0	0	https://hellokahwin.com/artikel/real-wedding/sentosa-janda-baik
0	0	https://hellokahwin.com/artikel/idea-dan-nasihat/pelamin-kahwin-dewan
2	4	https://hellokahwin.com/artikel/hantaran-mas-kahwin/hantaran-kahwin-5-balas-7
3	6	https://hellokahwin.com/artikel/hantaran-mas-kahwin/nisbah-hantaran
3	6	https://hellokahwin.com/artikel/busana-pengantin/inai-tangan-pengantin
5	10	https://hellokahwin.com/artikel/hantaran-mas-kahwin/hantaran-tunang-3-balas-5
0	0	https://hellokahwin.com/artikel/minimalis-mewah/the-danna-langkawi
1	2	https://hellokahwin.com/artikel/hantaran-mas-kahwin/barang-hantaran-perempuan
0	0	https://hellokahwin.com/artikel/hantaran-mas-kahwin/hantaran-tunang-untuk-lelaki
2	4	https://hellokahwin.com/artikel/hantaran-mas-kahwin/bilangan-dulang-hantaran-ganjil
7	14	https://hellokahwin.com/artikel/hantaran-mas-kahwin/cara-tetapkan-duit-hantaran
11	22	https://hellokahwin.com/artikel/hantaran-mas-kahwin/duit-hantaran-kahwin
0	0	https://hellokahwin.com/artikel/sebelum-nikah/doa-majlis-pertunangan
0	0	https://hellokahwin.com/artikel/idea-dan-nasihat/dewan-kahwin
0	0	https://hellokahwin.com/artikel/real-wedding/perkahwinan-di-ruma-hotel-kuala-lumpur-dengan-sentuhan-warisan-peranakan
0	0	https://hellokahwin.com/artikel/idea-dan-nasihat/tempat-honeymoon-di-malaysia
0	0	https://hellokahwin.com/artikel/moden-kontemporari/jw-marriott-kuala-lumpur
0	0	https://hellokahwin.com/artikel/moden-kontemporari/perkahwinan-romantis-di-jen-shangri-la-puteri-harbour
3	6	https://hellokahwin.com/artikel/hantaran-mas-kahwin/hantaran-coklat
0	0	https://hellokahwin.com/artikel/hantaran-mas-kahwin/gubahan-hantaran-simple
0	0	https://hellokahwin.com/artikel/hantaran-mas-kahwin/hantaran-tunang-simple
0	0	https://hellokahwin.com/artikel/hantaran-mas-kahwin/hantaran-tema-warna
0	0	https://hellokahwin.com/artikel/nikah-undang-undang/lafaz-taklik
0	0	https://hellokahwin.com/artikel/hantaran-mas-kahwin/hantaran-tempah-atau-buat-sendiri
1	2	https://hellokahwin.com/artikel/hantaran-mas-kahwin/hidden-hantaran
0	0	https://hellokahwin.com/artikel/hantaran-mas-kahwin/gubahan-hantaran
1	2	https://hellokahwin.com/artikel/hantaran-mas-kahwin/mas-kahwin-ikut-negeri
1	2	https://hellokahwin.com/artikel/hantaran-mas-kahwin/mas-kahwin-perak
0	0	https://hellokahwin.com/artikel/idea-dan-nasihat/majlis-kahwin
3	6	https://hellokahwin.com/artikel/busana-pengantin/songket-tenunan-tangan-atau-cetak
2	4	https://hellokahwin.com/artikel/pelamin-kad-cenderahati/pelamin
0	0	https://hellokahwin.com/artikel/idea-dan-nasihat/hadiah-untuk-pengantin
0	0	https://hellokahwin.com/artikel/sebelum-nikah/taaruf-maksud
0	0	https://hellokahwin.com/artikel/hantaran-mas-kahwin/mas-kahwin-melebihi-kadar-minimum
1	2	https://hellokahwin.com/artikel/hantaran-mas-kahwin/mas-kahwin-johor
0	0	https://hellokahwin.com/artikel/nikah-undang-undang/syarat-sah-nikah
0	0	https://hellokahwin.com/artikel/ucapan-doa/walimatul-urus
0	0	https://hellokahwin.com/artikel/hantaran-mas-kahwin/dulang-hantaran
1	2	https://hellokahwin.com/artikel/hantaran-mas-kahwin/hantaran-untuk-lelaki
1	2	https://hellokahwin.com/artikel/hantaran-mas-kahwin/hantaran-kahwin-bajet
0	0	https://hellokahwin.com/artikel/ucapan-doa/skrip-pengacara-majlis-perkahwinan
1	2	https://hellokahwin.com/artikel/hantaran-mas-kahwin/barang-hantaran-berguna
1	2	https://hellokahwin.com/artikel/hantaran-mas-kahwin/adat-hantaran-ikut-keluarga
1	2	https://hellokahwin.com/artikel/hantaran-mas-kahwin/berapa-dulang-hantaran-tunang
2	4	https://hellokahwin.com/artikel/hantaran-mas-kahwin/hantaran-tunang-untuk-perempuan
0	0	https://hellokahwin.com/artikel/hantaran-mas-kahwin/tempat-beli-hantaran
0	0	https://hellokahwin.com/artikel/hantaran-mas-kahwin/persiapan-hantaran-kahwin
1	2	https://hellokahwin.com/artikel/hantaran-mas-kahwin/barang-hantaran-tunang
6	12	https://hellokahwin.com/artikel/hantaran-mas-kahwin/hantaran-wajib-atau-adat
2	4	https://hellokahwin.com/artikel/hantaran-mas-kahwin/adat-hantaran-berbeza-negeri
3	6	https://hellokahwin.com/artikel/hantaran-mas-kahwin/sirih-junjung
3	6	https://hellokahwin.com/artikel/pelamin-kad-cenderahati/bunga-telur
2	4	https://hellokahwin.com/artikel/pelamin-kad-cenderahati/contoh-kad-jemputan-kahwin
0	0	https://hellokahwin.com/artikel/sebelum-nikah/cincin-tunang
4	8	https://hellokahwin.com/artikel/ucapan-doa/doa-pengantin-baru
0	0	https://hellokahwin.com/artikel/venue-perancangan/bajet-kahwin
0	0	https://hellokahwin.com/artikel/nikah-undang-undang/rukun-nikah
0	0	https://hellokahwin.com/artikel/nikah-undang-undang/borang-nikah
1	2	https://hellokahwin.com/artikel/hantaran-mas-kahwin/apa-itu-mas-kahwin
1	2	https://hellokahwin.com/artikel/hantaran-mas-kahwin/mas-kahwin-kelantan-terengganu
0	0	https://hellokahwin.com/artikel/idea-dan-nasihat/wedding-planner-terbaik-di-malaysia
0	0	https://hellokahwin.com/artikel/hiasan-dekorasi/goodies-kahwin
0	0	https://hellokahwin.com/artikel/real-wedding/perkahwinan-taman-kebun-yang-minimalis-di-hulu-langat
0	0	https://hellokahwin.com/artikel/pantai-santai/perkahwinan-indah-di-laman-fajar-menyinsing-port-dickson
0	0	https://hellokahwin.com/artikel/real-wedding/yasaka-shrine
0	0	https://hellokahwin.com/artikel/idea-dan-nasihat/kursus-kahwin
0	0	https://hellokahwin.com/artikel/fotografi-videografi/lokasi-pre-wedding-photoshoot-terbaik
0	0	https://hellokahwin.com/artikel/idea-dan-nasihat/sewa-dewan-kahwin
0	0	https://hellokahwin.com/artikel/moden-kontemporari/sime-darby-convention-centre
0	0	https://hellokahwin.com/artikel/idea-dan-nasihat/garden-wedding
